SKU,Location,Quantity,Location_Detail,Warehouse,Status
Test-sku-1,01-TEST ROW,91,Test message,LUDLOW,Active
03-4086SL,B2,31,B2,ATS,Active
03-3985GY,A6,19,A6,ATS,Active
03-3985GY,B6,30,B6,ATS,Active
03-3936MN,A5,19,A5,ATS,Active
03-3936MN,B5,23,B5,ATS,Active
03-3931BK,A4,12,A4,ATS,Active
03-3931BK,B4,30,B4,ATS,Active
03-4085BK,A3,13,A3,ATS,Active
03-4085BK,B3,30,B3,ATS,Active
03-3978BL,C2,27,C2,ATS,Active
03-3978BL,C3,30,C3,ATS,Active
03-3978BL,C4,30,C4,ATS,Active
03-3978BL,C5,30,C5,ATS,Active
03-3978BL,C6,30,C6,ATS,Active
03-3978BL,D1,22,D1,ATS,Active
03-3978BL,D2,30,D2,ATS,Active
03-3978BL,D3,30,D3,ATS,Active
03-3978BL,D4,30,D4,ATS,Active
03-3978BL,D5,30,D5,ATS,Active
03-3978BL,D6,30,D6,ATS,Active
03-3982BL,E1,2,E1,ATS,Active
03-3982BL,E2,4,E2,ATS,Active
03-3982BL,E3,30,E3,ATS,Active
03-3982BL,E4,30,E4,ATS,Active
03-3982BL,E5,30,E5,ATS,Active
03-3982BL,E6,30,E6,ATS,Active
03-3982BL,E7,30,E7,ATS,Active
03-3982BL,F2,0,F2,ATS,Active
03-3982BL,F3,30,F3,ATS,Active
03-3982BL,F4,30,F4,ATS,Active
03-3982BL,F5,30,F5,ATS,Active
03-3982BL,F6,30,F6,ATS,Active
03-3982BL,F7,30,F7,ATS,Active
03-3980BL,E1,10,E1,ATS,Active
03-3980BL,G2,0,G2,ATS,Active
03-3980BL,G3,30,G3,ATS,Active
03-3980BL,G4,30,G4,ATS,Active
03-3980BL,G5,30,G5,ATS,Active
03-3980BL,G6,30,G6,ATS,Active
03-3980BL,G7,30,G7,ATS,Active
03-3981GY,H1,9,H1,ATS,Active
03-3981GY,H2,30,H2,ATS,Active
03-3981GY,H3,30,H3,ATS,Active
03-3981GY,H4,30,H4,ATS,Active
03-3981GY,H5,30,H5,ATS,Active
03-3981GY,H6,30,H6,ATS,Active
03-3981GY,I2,0,I2,ATS,Active
03-3981GY,I3,30,I3,ATS,Active
03-3981GY,I4,30,I4,ATS,Active
03-3981GY,I5,30,I5,ATS,Active
03-3981GY,I6,30,I6,ATS,Active
03-3981GY,I7,30,I7,ATS,Active
03-3983GY,J2,0,J2,ATS,Active
03-3983GY,J3,30,J3,ATS,Active
03-3983GY,J4,30,J4,ATS,Active
03-3983GY,J5,30,J5,ATS,Active
03-3983GY,J6,30,J6,ATS,Active
03-3983GY,J7,30,J7,ATS,Active
03-3983GY,K2,0,K2,ATS,Active
03-3983GY,K3,30,K3,ATS,Active
03-3983GY,K4,30,K4,ATS,Active
03-3983GY,K5,30,K5,ATS,Active
03-3983GY,K6,30,K6,ATS,Active
03-3979GY,L2,25,L2,ATS,Active
03-3979GY,L3,30,L3,ATS,Active
03-3979GY,L4,30,L4,ATS,Active
03-3979GY,L5,30,L5,ATS,Active
03-3979GY,L6,30,L6,ATS,Active
03-3979GY,M2,11,M2,ATS,Active
03-3979GY,M3,30,M3,ATS,Active
03-3979GY,M4,30,M4,ATS,Active
03-3979GY,M5,30,M5,ATS,Active
03-4070BK,M1,30,M1,ATS,Active
03-4070BK,N2,0,N2,ATS,Active
03-4070BK,N3,30,N3,ATS,Active
03-4070BK,N4,30,N4,ATS,Active
03-4070BK,N5,30,N5,ATS,Active
03-4070BK,N6,30,N6,ATS,Active
03-4070BK,N7,30,N7,ATS,Active
03-4035BL,O2,0,O2,ATS,Active
03-4035BL,O3,30,O3,ATS,Active
03-4035BL,O4,30,O4,ATS,Active
03-4035BL,O5,30,O5,ATS,Active
03-4035BL,O6,30,O6,ATS,Active
03-4035BL,O7,30,O7,ATS,Active
03-4068BK,P2,16,P2,ATS,Active
03-4068BK,P3,30,P3,ATS,Active
03-4068BK,P4,30,P4,ATS,Active
03-4068BK,P5,30,P5,ATS,Active
03-4068BK,P6,30,P6,ATS,Active
03-3986TL,R3,6,R3,ATS,Active
03-3986TL,R4,30,R4,ATS,Active
03-3986TL,R5,30,R5,ATS,Active
03-3986TL,R6,30,R6,ATS,Active
03-4034BK,S2,0,S2,ATS,Active
03-4034BK,S3,30,S3,ATS,Active
03-4034BK,S4,30,S4,ATS,Active
03-4034BK,S5,30,S5,ATS,Active
03-4034BK,S6,30,S6,ATS,Active
03-4038BL,T2,0,T2,ATS,Active
03-4038BL,T3,30,T3,ATS,Active
03-4038BL,T4,30,T4,ATS,Active
03-4038BL,T5,30,T5,ATS,Active
03-4038BL,T6,30,T6,ATS,Active
03-3976BL,U2,0,U2,ATS,Active
03-3976BL,U3,30,U3,ATS,Active
03-3976BL,U4,30,U4,ATS,Active
03-3976BL,U5,30,U5,ATS,Active
03-3976BL,U6,30,U6,ATS,Active
03-4067BL,V3,13,V3,ATS,Active
03-4067BL,V4,30,V4,ATS,Active
03-4067BL,V5,30,V5,ATS,Active
03-4067BL,V6,30,V6,ATS,Active
03-4066BK,V3,1,V3,ATS,Active
03-4072BK,W4,29,W4,ATS,Active
03-4072BK,W5,30,W5,ATS,Active
03-4072BK,W6,30,W6,ATS,Active
03-3977GY,Y5,20,Y5,ATS,Active
03-3977GY,Y6,30,Y6,ATS,Active
03-3735GY,PALLET,50,Palletized,ATS,Palletized
03-3742BK,PALLET,47,Palletized,ATS,Palletized
03-4080SL,PALLET,16,Palletized,ATS,Palletized
03-3980BL,PALLET,8,Palletized (from E1/G2-G7),ATS,Palletized
03-3744BK,PALLET,28,Palletized,ATS,Palletized
03-4081BK,PALLET,33,Palletized,ATS,Palletized
03-4070BK,PALLET,29,Palletized (from M1/N2-N7),ATS,Palletized
03-4035BL,PALLET,38,Palletized (from O2-O7),ATS,Palletized
03-4068BK,PALLET,32,Palletized (from P2-P6),ATS,Palletized
03-3990TL,PALLET,42,Palletized,ATS,Palletized
03-4034BK,PALLET,14,Palletized (from S2-S6),ATS,Palletized
03-4038BL,PALLET,4,Palletized (from T2-T6),ATS,Palletized
03-3976BL,PALLET,10,Palletized (from U2-U6),ATS,Palletized
03-3740BK,PALLET,56,Palletized,ATS,Palletized
03-3977GY,PALLET,16,Palletized (from Y5-Y6),ATS,Palletized
06-4432BK,Row 1,50,T,LUDLOW,Active
03-3970BL,Row 1,1,,LUDLOW,Active
06-4587RD,Row 1,19,T,LUDLOW,Active
03-3828GY,Row 1,1,,LUDLOW,Active
03-4230BL,Row 1,3,ø,LUDLOW,Active
03-4207BR,Row 1,2,ø,LUDLOW,Active
03-4227BL,Row 1,1,,LUDLOW,Active
03-4458GN,Row 1,2,ø,LUDLOW,Active
03-4468BR,Row 1,4,ø,LUDLOW,Active
03-4462GN,Row 1,2,ø,LUDLOW,Active
03-4450BK,Row 1,1,,LUDLOW,Active
06-4473TL,Row 1,66,T,LUDLOW,Active
03-3382BK,Row 1,7,ø,LUDLOW,Active
03-4456BL,Row 1,2,ø,LUDLOW,Active
03-3885BK,Row 1,1,ø,LUDLOW,Active
03-3861BK,Row 1,1,ø,LUDLOW,Active
06-4614GN,Row 1,1,ø,LUDLOW,Active
06-4615GN,Row 1,1,ø,LUDLOW,Active
03-4515GY,Row 1,20,T,LUDLOW,Active
03-4209GY,Row 1,1,,LUDLOW,Active
03-3882BK,Row 1,1,ø (S),LUDLOW,Active
03-3895BL,Row 1,1,ø (S),LUDLOW,Active
03-3966BL,Row 1,1,,LUDLOW,Active
03-3781BL,Row 1,1,,LUDLOW,Active
03-4448BK,Row 1,2,ø,LUDLOW,Active
03-4457GN,Row 1,2,ø,LUDLOW,Active
06-4297RD,Row 1,3,,LUDLOW,Active
06-4293MG,Row 1,1,,LUDLOW,Active
07-3529BL,Row 1,1,ø,LUDLOW,Active
03-1293BK,Row 1,1,ø,LUDLOW,Active
03-3373CL,Row 1,1,ø,LUDLOW,Active
07-3641RD,Row 1,1,ø,LUDLOW,Active
06-4296RD,Row 1,1,ø,LUDLOW,Active
07-3642VL,Row 1,3,ø,LUDLOW,Active
07-3639GR,Row 1,2,ø,LUDLOW,Active
03-3313GY,Row 1,1,ø,LUDLOW,Active
03-3300BL,Row 1,1,ø,LUDLOW,Active
06-4294MVC,Row 1,1,,LUDLOW,Active
06-4627LDV,Row 1,1,,LUDLOW,Active
06-4430RB,Row 2,22,T,LUDLOW,Active
03-3492BL,Row 2,1,,LUDLOW,Active
03-3838BK,Row 2,1,,LUDLOW,Active
03-4088SL,Row 2,1,,LUDLOW,Active
03-3807GN,Row 2,1,,LUDLOW,Active
03-3789BL,Row 2,4,,LUDLOW,Active
03-3827BL,Row 2,3,,LUDLOW,Active
07-3674GY,Row 2,3,ø,LUDLOW,Active
03-4449BK,Row 2,2,ø,LUDLOW,Active
03-3954GY,Row 2,1,ø,LUDLOW,Active
03-3892RD,Row 2,2,ø,LUDLOW,Active
06-4573GY,Row 2,42,T ø,LUDLOW,Active
06-4447BL,Row 2,2,ø,LUDLOW,Active
06-4445WH,Row 2,6,ø,LUDLOW,Active
03-3934MN,Row 2,33,T,LUDLOW,Active
03-3027CL,Row 2,1,,LUDLOW,Active
06-4524KW,Row 2,1,,LUDLOW,Active
06-4457RD,Row 2,3,ø,LUDLOW,Active
03-4032BL,Row 2,1,,LUDLOW,Active
06-4611GN,Row 2,1,,LUDLOW,Active
03-4454BL,Row 2,1,ø,LUDLOW,Active
06-4448WH,Row 2,1,ø,LUDLOW,Active
06-4617RD,Row 2,32,T ø,LUDLOW,Active
03-4460GN,Row 2,7,ø,LUDLOW,Active
03-4059PD,Row 2,1,ø,LUDLOW,Active
03-4231BL,Row 2,2,,LUDLOW,Active
03-4076SG,Row 2,1,,LUDLOW,Active
06-4616RD,Row 2,11,ø,LUDLOW,Active
03-3803BL,Row 2,19,T,LUDLOW,Active
03-4512GY,Row 3,34,T,LUDLOW,Active
03-3927BK,Row 3,31,T,LUDLOW,Active
03-3977GY,Row 3,26,T,LUDLOW,Active
03-3978BL,Row 3,18,T,LUDLOW,Active
06-4585RD,Row 3,6,ø,LUDLOW,Active
03-4044BK,Row 3,17,,LUDLOW,Active
03-3999PD,Row 3,33,T,LUDLOW,Active
03-4046MN,Row 3,2,,LUDLOW,Active
03-4069BL,Row 3,11,,LUDLOW,Active
03-4536BL,Row 3,4,,LUDLOW,Active
03-3997PD,Row 3,25,T,LUDLOW,Active
06-4562BL,Row 4,26,T ø,LUDLOW,Active
06-4435BK,Row 4,82,T,LUDLOW,Active
03-3995PD,Row 4,3,,LUDLOW,Active
03-4258BL,Row 4,7,,LUDLOW,Active
06-4572GY,Row 4,50,T ø,LUDLOW,Active
03-4257BL,Row 4,4,,LUDLOW,Active
06-4606OR,Row 4,52,T,LUDLOW,Active
03-4455BL,Row 4,2,ø,LUDLOW,Active
06-4590BL,Row 5,27,T,LUDLOW,Active
03-4161BL,Row 5,43,T ',LUDLOW,Active
03-4467BR,Row 5,6,,LUDLOW,Active
03-3031SL,Row 5,1,,LUDLOW,Active
06-4455SL,Row 5,20,T ø,LUDLOW,Active
06-4456BL,Row 5,23,T,LUDLOW,Active
03-4466BR,Row 5,15,,LUDLOW,Active
06-4450BL,Row 5,25,T,LUDLOW,Active
06-4461SL,Row 5,4,,LUDLOW,Active
06-4565BL,Row 5,1,ø,LUDLOW,Active
03-4057PD,Row 5,2,,LUDLOW,Active
06-4641BK,Row 5,16,,LUDLOW,Active
03-3501BL,Row 5,2,,LUDLOW,Active
03-3872BL,Row 5,27,T ø,LUDLOW,Active
03-3908GY,Row 6,53,T,LUDLOW,Active
03-3899BL,Row 6,6,,LUDLOW,Active
03-3905BL,Row 6,6,,LUDLOW,Active
03-4547MN,Row 6,12,,LUDLOW,Active
03-3746GY,Row 6,3,,LUDLOW,Active
03-3848BK,Row 6,5,,LUDLOW,Active
06-4566VL,Row 6,10,,LUDLOW,Active
06-4470TL,Row 6,53,T,LUDLOW,Active
06-4458SL,Row 6,28,T,LUDLOW,Active
06-4451BK,Row 6,13,,LUDLOW,Active
03-3517BL,Row 6,1,,LUDLOW,Active
06-4608MN,Row 6,2,,LUDLOW,Active
03-4075BL,Row 7,1,,LUDLOW,Active
03-4068BK,Row 7,30,,LUDLOW,Active
03-3993PD,Row 7,7,,LUDLOW,Active
03-4251BK,Row 7,5,,LUDLOW,Active
03-4242GY,Row 7,3,,LUDLOW,Active
03-4461GN,Row 7,3,,LUDLOW,Active
03-4070BK,Row 7,30,T,LUDLOW,Active
03-4531GY,Row 7,8,,LUDLOW,Active
03-4213GY,Row 7,6,,LUDLOW,Active
03-4473BK,Row 7,7,,LUDLOW,Active
03-3744BK,Row 7,29,T,LUDLOW,Active
03-4259BL,Row 7,3,,LUDLOW,Active
03-4277GN,Row 7,2,,LUDLOW,Active
03-4199GN,Row 7,2,,LUDLOW,Active
06-4427RB,Row 7,33,T,LUDLOW,Active
03-3842BR,Row 7,5,*,LUDLOW,Active
03-3842BL,Row 7,13,*,LUDLOW,Active
03-3060CL,Row 7,3,,LUDLOW,Active
06-4452SL,Row 7,28,T,LUDLOW,Active
06-4607OR,Row 8,22,T,LUDLOW,Active
03-4066BK,Row 8,16,,LUDLOW,Active
03-3859BL,Row 8,10,,LUDLOW,Active
03-4040BK,Row 8,33,T,LUDLOW,Active
03-3767MN,Row 8,6,ø,LUDLOW,Active
03-4254BK,Row 8,2,,LUDLOW,Active
06-4485BL,Row 8,39,T ø,LUDLOW,Active
06-4563BL,Row 8,57,T,LUDLOW,Active
03-4464BR,Row 8,8,,LUDLOW,Active
03-3502BL,Row 8,3,,LUDLOW,Active
03-3516BL,Row 8,2,,LUDLOW,Active
03-3062CL,Row 8,4,,LUDLOW,Active
03-3058CL,Row 8,3,,LUDLOW,Active
03-2540WH,Row 8,2,,LUDLOW,Active
03-3793PD,Row 9,22,T,LUDLOW,Active
03-3901BL,Row 9,38,T,LUDLOW,Active
03-3960GY,Row 9,10,ø,LUDLOW,Active
03-4200GN,Row 9,4,,LUDLOW,Active
03-4261BR,Row 9,7,,LUDLOW,Active
03-3988TL,Row 9,27,T,LUDLOW,Active
03-3992BL,Row 9,14,,LUDLOW,Active
03-3965BL,Row 9,30,T,LUDLOW,Active
03-4056BL,Row 9,3,,LUDLOW,Active
03-4011SL,Row 9,14,,LUDLOW,Active
03-3985GY,Row 9,27,T,LUDLOW,Active
03-4054BL,Row 9,1,,LUDLOW,Active
03-4528GY,Row 10,24,T,LUDLOW,Active
03-4530GY,Row 10,15,,LUDLOW,Active
03-4529GY,Row 10,27,T,LUDLOW,Active
03-4250BK,Row 10,4,,LUDLOW,Active
03-4533BL,Row 10,16,,LUDLOW,Active
03-3764BK,Row 10,3,ø,LUDLOW,Active
03-4253BK,Row 10,23,T,LUDLOW,Active
03-4545MN,Row 10,12,,LUDLOW,Active
03-3980BL,Row 10,20,T,LUDLOW,Active
03-3969BL,Row 10,2,,LUDLOW,Active
03-4052BL,Row 10,3,ø,LUDLOW,Active
03-4051PD,Row 10,5,ø,LUDLOW,Active
03-4058BL,Row 10,14,T,LUDLOW,Active
03-4370BL,Row 10,22,T,LUDLOW,Active
06-4515BK,Row 11,44,T ø,LUDLOW,Active
03-4085BK,Row 11,35,T,LUDLOW,Active
06-4586BL,Row 11,22,ø,LUDLOW,Active
03-4067BL,Row 11,30,,LUDLOW,Active
03-3912GY,Row 11,29,T,LUDLOW,Active
03-4212GY,Row 11,17,,LUDLOW,Active
03-4023SL,Row 11,2,,LUDLOW,Active
06-4523BK,Row 11,3,,LUDLOW,Active
03-3754GY,Row 11,4,,LUDLOW,Active
03-3750GY,Row 11,1,,LUDLOW,Active
03-3846BL,Row 11,11,,LUDLOW,Active
06-4457BK,Row 11,15,T,LUDLOW,Active
03-3853GY,Row 12,22,T,LUDLOW,Active
06-4588BL,Row 12,32,T,LUDLOW,Active
03-4463BR,Row 12,5,ø,LUDLOW,Active
03-3846BR,Row 12,5,,LUDLOW,Active
03-3917BR,Row 12,5,,LUDLOW,Active
03-3817GY,Row 12,2,,LUDLOW,Active
03-4201GN,Row 12,3,,LUDLOW,Active
03-3994BL,Row 12,16,,LUDLOW,Active
03-3852GY,Row 12,31,T,LUDLOW,Active
03-4203BR,Row 12,2,,LUDLOW,Active
03-4208GY,Row 12,1,,LUDLOW,Active
03-3718GY,Row 12,1,,LUDLOW,Active
03-3856GY,Row 12,9,,LUDLOW,Active
03-3855GY,Row 12,23,T,LUDLOW,Active
03-3836BK,Row 12,47,T,LUDLOW,Active
03-4465BR,Row 12,114,,LUDLOW,Active
03-3681GY,Row 12,2,,LUDLOW,Active
03-3719GY,Row 12,1,,LUDLOW,Active
07-3690BL,Row 13,96,,LUDLOW,Active
03-4517BL,Row 14,51,T,LUDLOW,Active
03-3779RD,Row 14,98,T,LUDLOW,Active
07-3675BK,Row 14,1,,LUDLOW,Active
06-4562BL,Row 15,25,T,LUDLOW,Active
03-3857BL,Row 15,27,T,LUDLOW,Active
03-4376GN,Row 15,7,,LUDLOW,Active
03-4534BL,Row 15,7,,LUDLOW,Active
03-3730BL,Row 15,13,,LUDLOW,Active
03-4375GN,Row 15,23,T,LUDLOW,Active
03-3753BL,Row 15,10,,LUDLOW,Active
03-3849BL,Row 15,16,T,LUDLOW,Active
03-3947BL,Row 15,3,ø,LUDLOW,Active
03-4527GY,Row 15,10,,LUDLOW,Active
03-4546MN,Row 15,24,T,LUDLOW,Active
03-4889GY,Row 16,54,T,LUDLOW,Active
03-4532BL,Row 16,6,,LUDLOW,Active
03-4514GY,Row 16,26,T,LUDLOW,Active
07-3673BK,Row 16,16,,LUDLOW,Active
03-3778BK,Row 16,27,T,LUDLOW,Active
03-3777RD,Row 16,6,ø,LUDLOW,Active
03-3919GN,Row 16,7,,LUDLOW,Active
06-4516KW,Row 16,32,T,LUDLOW,Active
06-4582BL,Row 17,41,T,LUDLOW,Active
03-4241GY,Row 17,12,,LUDLOW,Active
03-3854GY,Row 17,15,T ø,LUDLOW,Active
06-4454BK,Row 17,44,ø,LUDLOW,Active
06-4564BL,Row 17,12,ø,LUDLOW,Active
06-4604OR,Row 17,24,T ø,LUDLOW,Active
07-3683GN,Row 18,1,P,LUDLOW,Active
07-3685VL,Row 18,4,T,LUDLOW,Active
06-4284TL,Row 18,153,T,LUDLOW,Active
07-3626BL,Row 18,3,P,LUDLOW,Active
07-3671SG,Row 19,27,T,LUDLOW,Active
07-3692BL,Row 19,10,,LUDLOW,Active
07-3664PK,Row 19,86,T,LUDLOW,Active
07-3697BK,Row 19,15,T ø,LUDLOW,Active
07-3698GN,Row 19,10,ø,LUDLOW,Active
07-3686BK,Row 19,16,T ø,LUDLOW,Active
07-3629RD,Row 19,17,T,LUDLOW,Active
07-3672SG,Row 19,28,T,LUDLOW,Active
07-3680PD,Row 19,3,,LUDLOW,Active
07-3663BL,Row 19B,78,T,LUDLOW,Active
07-3689WH,Row 19B,70,,LUDLOW,Active
07-3682BK,Row 19B,9,,LUDLOW,Active
07-3684BL,Row 19B,17,T,LUDLOW,Active
03-3928BL,Row 20,60,T,LUDLOW,Active
03-4091SL,Row 20,28,T,LUDLOW,Active
03-3910GY,Row 20,47,T,LUDLOW,Active
03-4037BK,Row 20,57,T,LUDLOW,Active
03-4094BL,Row 20,27,T,LUDLOW,Active
03-4041BL,Row 20,18,T,LUDLOW,Active
03–3731GY,Row 21,55,T,LUDLOW,Active
03-4083BK,Row 21,60,T,LUDLOW,Active
03-3922BL,Row 21,54,T,LUDLOW,Active
03-3924BL,Row 21,37,T,LUDLOW,Active
03-3933BK,Row 21,89,T,LUDLOW,Active
03-3981GY,Row 22,16,T,LUDLOW,Active
03-4535GY,Row 22,13,,LUDLOW,Active
03-4083BK,Row 22,4,,LUDLOW,Active
03-3956GY,Row 22,28,T,LUDLOW,Active
03-4005MN,Row 22,2,,LUDLOW,Active
03-3987GY,Row 22,48,T,LUDLOW,Active
03-3964GY,Row 22,25,T,LUDLOW,Active
03-4248GY,Row 22,8,,LUDLOW,Active
03-4010BK,Row 22,2,ø,LUDLOW,Active
03-4240GY,Row 22,9,,LUDLOW,Active
03-4372BL,Row 22,7,,LUDLOW,Active
03-3844BR,Row 22,7,,LUDLOW,Active
03-3979GY,Row 22,20,T,LUDLOW,Active
03-4009SL,Row 22,14,ø,LUDLOW,Active
03-3760RD,Row 22,1,ø,LUDLOW,Active
03-3955GN,Row 22,22,T,LUDLOW,Active
03-3983GY,Row 23,25,T,LUDLOW,Active
03-3727BK,Row 23,6,,LUDLOW,Active
03-4001PD,Row 23,8,,LUDLOW,Active
03-3742BK,Row 23,26,T,LUDLOW,Active
03-3976BL,Row 23,28,T,LUDLOW,Active
03-4086SL,Row 23,28,T,LUDLOW,Active
03-4544BL,Row 23,6,,LUDLOW,Active
03-3904GY,Row 23,11,,LUDLOW,Active
03-3936MN,Row 23,26,T,LUDLOW,Active
03-3840BK,Row 23,16,,LUDLOW,Active
03-3937BL,Row 23,1,,LUDLOW,Active
03-4538BL,Row 23,10,,LUDLOW,Active
03-3868BL,Row 23,61,T,LUDLOW,Active
03-4516BL,Row 24,25,T,LUDLOW,Active
03-3805BL,Row 24,18,,LUDLOW,Active
03-3837BK,Row 24,29,T,LUDLOW,Active
03-4090BL,Row 24,12,,LUDLOW,Active
03-4605OR,Row 24,40,T,LUDLOW,Active
03-4028BL,Row 24,2,,LUDLOW,Active
03-4037BK,Row 24,19,T,LUDLOW,Active
03-4036BR,Row 24,7,,LUDLOW,Active
03-3958GY,Row 24,12,ø,LUDLOW,Active
03-3843BR,Row 24,6,*,LUDLOW,Active
03-3843BL,Row 24,10,*,LUDLOW,Active
03-4093SL,Row 24,24,,LUDLOW,Active
03-3990TL,Row 24,12,T,LUDLOW,Active
03-3998BL,Row 24,18,T,LUDLOW,Active
03-3773RD,Row 25,9,T,LUDLOW,Active
03-3903BL,Row 25,2,,LUDLOW,Active
03-4263BR,Row 25,12,,LUDLOW,Active
06-4453BL,Row 25,25,T,LUDLOW,Active
03-4025GY,Row 25,26,T,LUDLOW,Active
03-4541GY,Row 25,20,T,LUDLOW,Active
03-3850BL,Row 25,14,,LUDLOW,Active
03-3851BL,Row 25,7,,LUDLOW,Active
03-4265BR,Row 25,7,,LUDLOW,Active
03-3971MN,Row 25,31,T,LUDLOW,Active
03-3877GY,Row 25,8,ø,LUDLOW,Active
03-3736BK,Row 25,18,,LUDLOW,Active
03-3953GN,Row 25,16,,LUDLOW,Active
03-3930BL,Row 25,21,T,LUDLOW,Active
03-4026BL,Row 25,1,,LUDLOW,Active
06-4507BK,Row 26,24,T,LUDLOW,Active
03-3834BL,Row 26,6,,LUDLOW,Active
03-3848BL,Row 26,16,,LUDLOW,Active
03-4079BK,Row 26,10,T,LUDLOW,Active
03-3791PD,Row 26,7,,LUDLOW,Active
03-4539GY,Row 26,29,T,LUDLOW,Active
03-3825GY,Row 26,3,,LUDLOW,Active
03-3745GN,Row 26,11,,LUDLOW,Active
03-3986TL,Row 26,25,T,LUDLOW,Active
03-4542BL,Row 26,13,,LUDLOW,Active
06-4519BK,Row 26,10,,LUDLOW,Active
03-4210GY,Row 26,1,,LUDLOW,Active
06-4475BL,Row 26,4,,LUDLOW,Active
03-4249GY,Row 26,2,,LUDLOW,Active
03-3911MN,Row 26,3,,LUDLOW,Active
03-4540BL,Row 26,26,T,LUDLOW,Active
03-3771RD,Row 26,40,T,LUDLOW,Active
03-4094BL,Row 27,30,T,LUDLOW,Active
03-4080SL,Row 27,28,T,LUDLOW,Active
03-3886RD,Row 27,5,ø,LUDLOW,Active
03-4091SL,Row 27,13,,LUDLOW,Active
03-4081BK,Row 27,27,T,LUDLOW,Active
03-3925BK,Row 27,15,,LUDLOW,Active
03-4214BR,Row 27,1,,LUDLOW,Active
03-4260BR,Row 27,11,,LUDLOW,Active
03-3931BK,Row 27,30,T,LUDLOW,Active
03-3916BR,Row 27,16,,LUDLOW,Active
06-4464BL,Row 27,3,,LUDLOW,Active
03-3918GN,Row 27,11,,LUDLOW,Active
03-4511GY,Row 27,4,,LUDLOW,Active
03-4371BL,Row 27,25,T,LUDLOW,Active
03-4513GY,Row 28,33,T,LUDLOW,Active
03-4246GY,Row 28,4,,LUDLOW,Active
03-3996BL,Row 28,3,ø,LUDLOW,Active
03-3913BR,Row 28,11,,LUDLOW,Active
03-3740BK,Row 28,26,T,LUDLOW,Active
03-3802BL,Row 28,14,,LUDLOW,Active
03-3787BL,Row 28,8,,LUDLOW,Active
03-3743GN,Row 28,31,T,LUDLOW,Active
03-4006BL,Row 28,11,,LUDLOW,Active
03-4537GY,Row 28,28,T,LUDLOW,Active
03-3864BK,Row 28,10,ø,LUDLOW,Active
03-3845BL,Row 28,4,* ø,LUDLOW,Active
03-3845BR,Row 28,5,*,LUDLOW,Active
03-3755BL,Row 28,5,ø,LUDLOW,Active
03-3982BL,Row 28,25,T,LUDLOW,Active
06-4635OR,Row 28,4,,LUDLOW,Active
06-4612PK,Row 28,1,,LUDLOW,Active
03-3898GY,Row 28,16,T,LUDLOW,Active
03-3962GY,Row 29,27,T,LUDLOW,Active
03-3788BL,Row 29,15,,LUDLOW,Active
03-3923BK,Row 29,2,ø,LUDLOW,Active
03-3900GY,Row 29,1,,LUDLOW,Active
06-4438BK,Row 29,38,T,LUDLOW,Active
03-3804BL,Row 29,22,T ø,LUDLOW,Active
03-3787BL,Row 29,8,,LUDLOW,Active
03-3841BK,Row 29,1,,LUDLOW,Active
03-3873BL,Row 29,13,ø,LUDLOW,Active
03-3751BL,Row 29,17,T ø,LUDLOW,Active
03-3752GY,Row 29,2,ø,LUDLOW,Active
06-4640GN,Row 29,13,,LUDLOW,Active
03-4002BL,Row 29,17,,LUDLOW,Active
03-3935BK,Row 29,24,T,LUDLOW,Active
03-4543GY,Row 29,7,,LUDLOW,Active
03-3989GY,Row 29,6,,LUDLOW,Active
06-4568BK,Row 29,3,,LUDLOW,Active
03-4159BL,Row 29,41,T,LUDLOW,Active
03-3770BK,Row 30,16,T,LUDLOW,Active
03-3772BK,Row 30,2,,LUDLOW,Active
03-3921BK,Row 30,32,T,LUDLOW,Active
03-4264BR,Row 30,10,,LUDLOW,Active
03-3932MN,Row 30,11,T,LUDLOW,Active
03-4369BL,Row 30,5,,LUDLOW,Active
06-4639GN,Row 30,19,T,LUDLOW,Active
06-4637OR,Row 30,26,T,LUDLOW,Active
03-4266BK,Row 30,4,,LUDLOW,Active
06-4638BK,Row 30,47,T,LUDLOW,Active
06-4636BK,Row 30,17,,LUDLOW,Active
06-4482BL,Row 30,9,ø,LUDLOW,Active
03-4041BL,Row 30,30,T,LUDLOW,Active
03-3726RD,Row 31,54,T ø,LUDLOW,Active
03-4038BL,Row 31,59,T,LUDLOW,Active
03-3792RD,Row 31,13,,LUDLOW,Active
03-3839BK,Row 31,11,,LUDLOW,Active
03-3810GN,Row 31,3,,LUDLOW,Active
03-4229BL,Row 31,5,,LUDLOW,Active
03-4228BL,Row 31,5,,LUDLOW,Active
03-4211GY,Row 31,10,,LUDLOW,Active
03-4024BL,Row 31,33,T,LUDLOW,Active
03-4003MN,Row 31,2,,LUDLOW,Active
03-3847BL,Row 31,3,*,LUDLOW,Active
03-3847BK,Row 31,10,*,LUDLOW,Active
03-3796RD,Row 31,7,,LUDLOW,Active
03-3871BL,Row 31,48,T,LUDLOW,Active
03-3724RD,Row 32,18,T ø,LUDLOW,Active
03-3875BL,Row 32,2,ø,LUDLOW,Active
03-4029GY,Row 32,1,,LUDLOW,Active
03-3766BK,Row 32,8,,LUDLOW,Active
03-3738BK,Row 32,24,T,LUDLOW,Active
03-4034BK,Row 32,26,T,LUDLOW,Active
03-3731GY,Row 32,24,T,LUDLOW,Active
03-3729GY,Row 32,27,T,LUDLOW,Active
03-3732BL,Row 32,60,T,LUDLOW,Active
03-4039BR,Row 32,35,T,LUDLOW,Active
03-3799PD,Row 32,0,ø,LUDLOW,Active
03-4374GN,Row 32,18,T,LUDLOW,Active
03-3733GY,Row 33,83,T,LUDLOW,Active
03-3957GN,Row 33,9,,LUDLOW,Active
03-3801PD,Row 33,1,,LUDLOW,Active
03-3790RD,Row 33,3,,LUDLOW,Active
03-3858BL,Row 33,14,,LUDLOW,Active
03-3795PD,Row 33,26,T ø,LUDLOW,Active
03-4247GY,Row 33,9,,LUDLOW,Active
03-3735GY,Row 33,40,T,LUDLOW,Active
03-3734BL,Row 33,76,T,LUDLOW,Active
03-3747BL,Row 33,1,,LUDLOW,Active
03-3824GY,Row 33,1,,LUDLOW,Active
03-3737GN,Row 33,1,,LUDLOW,Active
03-3681GY,Row 34,11,P,LUDLOW,Active
03-3676BL,Row 34,11,P,LUDLOW,Active
03-3674BL,Row 34,1,P,LUDLOW,Active
03-3697BL,Row 34,1,P,LUDLOW,Active
03-3648OR,Row 34,1,P,LUDLOW,Active
03-3652GN,Row 34,1,P,LUDLOW,Active
03-3682GY,Row 34,6,P,LUDLOW,Active
03-4239GY,Row 34,8,P,LUDLOW,Active
03-3646OR,Row 34,2,P,LUDLOW,Active
03-3700BK,Row 34,13,P,LUDLOW,Active
03-3653GY,Row 34,1,P,LUDLOW,Active
03-3702BK,Row 34,10,P ø,LUDLOW,Active
03-3696BK,Row 34,3,P ø,LUDLOW,Active
03-3661BK,Row 34,3,P,LUDLOW,Active
03-3660BK,Row 34,13,P,LUDLOW,Active
03-3647OR,Row 34,3,P,LUDLOW,Active
03-3659BK,Row 34,7,P,LUDLOW,Active
03-3656GY,Row 34,5,P,LUDLOW,Active
03-3680GY,Row 34,3,P,LUDLOW,Active
03-3677BL,Row 34,12,P,LUDLOW,Active
03-3701GY,Row 34,5,P *,LUDLOW,Active
03-3701BL,Row 34,2,P *,LUDLOW,Active
03-3651GN,Row 34,2,P,LUDLOW,Active
03-3673RD,Row 34,1,P,LUDLOW,Active
03-3699GY,Row 34,10,P *,LUDLOW,Active
03-3679GY,Row 34,1,P,LUDLOW,Active
03-3699BL,Row 34,4,P *,LUDLOW,Active
03-3684BR,Row 34,15,P,LUDLOW,Active
03-3655GY,Row 34,11,P ø,LUDLOW,Active
03-3768BL,Row 34,18,2P,LUDLOW,Active
03-4513GY,Row 34,18,2P,LUDLOW,Active
06-4588BL,Row 34,18,2P,LUDLOW,Active
03-4068BK,Row 34,18,2P,LUDLOW,Active
03-3743GN,Row 34,18,2P,LUDLOW,Active
03-3738BK,Row 34,18,2P,LUDLOW,Active
03-4040BK,Row 34,17,2P,LUDLOW,Active
03-3927BK,Row 34,17,2P,LUDLOW,Active
03-3769BL,Row 34,18,2P,LUDLOW,Active
03-4890BL,Row 41,96,,LUDLOW,Active
06-4584BL,Row 41,193,,LUDLOW,Active
03-3984BL,Row 41,90,,LUDLOW,Active
03-3769BL,Row 41,89,,LUDLOW,Active
03-4894BL,Row 41,70,,LUDLOW,Active
03-4084SL,Row 41,75,,LUDLOW,Active
03-4066BK,Row 41,78,,LUDLOW,Active
03-3768BL,Row 41,112,,LUDLOW,Active
03-4072BK,Row 44,25,T,LUDLOW,Active
03-4035BL,Row 44,27,T,LUDLOW,Active
06-4652BK,Row 45,29,T,LUDLOW,Active
03-3794RD,Row 45,17,,LUDLOW,Active
03-3685BR,Row 45,9,T,LUDLOW,Active
03-3689BL,Row 45,28,T,LUDLOW,Active
03-3688BL,Row 45,23,T,LUDLOW,Active
03-3690BL,Row 45,11,,LUDLOW,Active
06-4654PU,Row 46,30,T,LUDLOW,Active
06-4655YL,Row 46,16,T,LUDLOW,Active
03-3161GY,Row 46,1,(F),LUDLOW,Active
03-3654GY,Row 47,17,,LUDLOW,Active
03-3698BK,Row 47,14,,LUDLOW,Active
03-3929BK,Row 47,22,T,LUDLOW,Active
03-3928BL,Row 47,12,T,LUDLOW,Active
03-3922BL,Row 47,19,T,LUDLOW,Active
03-3926BL,Row 51,45,T,LUDLOW,Active
03-4069BL,Row 51,60,,LUDLOW,Active
03-4071BL,Row 51,62,T,LUDLOW,Active
03-4082SL,Row 51,53,T,LUDLOW,Active
03-4065BL,Row 51,64,T,LUDLOW,Active
03-4158GN,Row 51,36,,LUDLOW,Active
03-4252BK,Row 51,14,,LUDLOW,Active
03-4160GN,Row 51,45,,LUDLOW,Active